Month,Net Sales (USD),Operating Expenses (USD),Scope 1 (tCO2e),Scope 2 market-based (tCO2e),Electricity kWh,Renewable %,Natural Gas kWh,Headcount
Jan 2018,4018283.0,3377916.0,192.04,116.58,633581.0,11.1,523964.0,180
Feb 2018,4145227.0,3586451.0,188.78,111.56,607757.0,11.3,512390.0,180
Mar 2018,4192777.0,3499614.0,175.66,114.48,625671.0,11.6,434926.0,180
Apr 2018,4231266.0,3509708.0,178.84,117.48,632779.0,10.3,454286.0,180
May 2018,4378972.0,3745917.0,175.34,116.3,635244.0,11.6,385731.0,180
Jun 2018,4349304.0,3681690.0,154.26,117.45,638714.0,11.2,346740.0,180
Jul 2018,4476706.0,3860984.0,148.78,111.42,605971.0,11.2,329574.0,181
Aug 2018,4581723.0,4094554.0,152.36,120.18,655908.0,11.5,334022.0,181
Sep 2018,4247605.0,3599948.0,158.16,108.73,588747.0,10.8,373415.0,181
Oct 2018,4138745.0,3520585.0,176.57,118.46,642262.0,10.9,418384.0,181
Nov 2018,4212642.0,3635852.0,187.86,113.72,634371.0,13.4,477240.0,181
Dec 2018,4180343.0,3626009.0,188.91,116.61,645083.0,12.7,529147.0,181
Jan 2019,4192075.0,3594092.0,197.48,120.45,671465.0,13.3,586525.0,182
Feb 2019,4153473.0,3559157.0,194.77,117.48,662907.0,14.4,543441.0,182
Mar 2019,4392788.0,3824084.0,192.28,109.09,598259.0,11.9,482628.0,182
Apr 2019,4615626.0,4005434.0,159.37,105.34,585776.0,13.1,413875.0,182
May 2019,4430918.0,3741887.0,166.06,115.25,650011.0,14.3,360522.0,182
Jun 2019,4597965.0,3948789.0,158.73,106.69,,14.8,362348.0,182
Jul 2019,4382317.0,3771113.0,163.47,112.03,631603.0,14.3,330858.0,183
Aug 2019,4403600.0,3717443.0,154.43,113.82,654424.0,16.0,337259.0,183
Sep 2019,4235982.0,3659455.0,163.98,103.77,592687.0,15.4,367337.0,183
Oct 2019,4355003.0,3689256.0,165.02,103.3,581997.0,14.3,404963.0,183
Nov 2019,4153525.0,3632594.0,182.64,113.49,643499.0,14.8,486224.0,183
Dec 2019,4336507.0,3741934.0,207.46,110.11,639276.0,16.8,557285.0,183
Jan 2020,4366452.0,3760998.0,201.84,109.15,633109.0,16.7,540929.0,184
Feb 2020,4418732.0,3760936.0,193.77,113.41,641638.0,14.6,528929.0,184
Mar 2020,4227275.0,3627935.0,183.45,105.06,619814.0,18.1,484359.0,184
Apr 2020,4626178.0,3839884.0,169.24,103.03,604231.0,17.6,433631.0,184
May 2020,4794807.0,4042161.0,160.94,107.82,640135.0,18.6,346742.0,184
Jun 2020,4864926.0,4210315.0,160.84,106.41,620599.0,17.2,335441.0,184
Jul 2020,4611417.0,3818583.0,156.55,103.2,604433.0,17.5,312554.0,185
Aug 2020,4695765.0,4097990.0,164.46,113.7,661346.0,16.9,355145.0,185
Sep 2020,4526179.0,3773966.0,161.03,106.13,647911.0,20.9,363658.0,185
Oct 2020,4450691.0,3878114.0,181.61,111.69,661363.0,18.4,446329.0,185
Nov 2020,4633322.0,3925895.0,197.45,103.14,626255.0,20.4,531254.0,185
Dec 2020,4365185.0,3805066.0,204.4,107.36,636141.0,18.5,531808.0,185
Jan 2021,4515445.0,3892152.0,209.25,104.67,628461.0,19.5,541496.0,186
Feb 2021,4744011.0,3970488.0,200.24,107.43,632644.0,18.0,546522.0,186
Mar 2021,4672155.0,4105596.0,187.89,110.35,662330.0,19.5,495518.0,186
Apr 2021,4873867.0,4296926.0,176.81,104.12,637860.0,21.1,414693.0,186
May 2021,5010415.0,4304011.0,169.71,111.97,,19.2,389995.0,186
Jun 2021,5052031.0,4323989.0,167.0,108.53,670055.0,21.7,378065.0,186
Jul 2021,4841879.0,4152406.0,161.13,116.68,716025.0,21.3,326103.0,187
Aug 2021,4965925.0,4198058.0,158.94,103.58,626695.0,20.2,340637.0,187
Sep 2021,5047280.0,4423834.0,171.55,112.67,688589.0,21.0,362713.0,187
Oct 2021,4523646.0,3853498.0,183.33,108.21,663892.0,21.3,445950.0,187
Nov 2021,4790422.0,4116085.0,189.4,107.82,667210.0,21.9,468330.0,187
Dec 2021,4669163.0,3959920.0,196.15,102.12,630103.0,21.7,516418.0,187
Jan 2022,4610189.0,3921468.0,209.01,106.67,657871.0,21.7,601041.0,188
Feb 2022,5094689.0,4283789.0,193.74,111.0,691487.0,22.5,522950.0,188
Mar 2022,5058725.0,4445891.0,198.59,108.29,670622.0,22.0,528546.0,188
Apr 2022,4902883.0,4205147.0,187.38,109.21,676349.0,22.0,475190.0,188
May 2022,5205230.0,4551916.0,176.14,105.73,667631.0,23.5,390723.0,188
Jun 2022,5334805.0,4588998.0,168.93,110.39,708069.0,24.7,357134.0,188
Jul 2022,5198074.0,4416200.0,163.84,108.65,677558.0,22.5,366906.0,189
Aug 2022,5258359.0,4496421.0,167.38,97.07,619667.0,24.3,344776.0,189
Sep 2022,5033507.0,4286517.0,165.88,104.23,661959.0,23.9,375756.0,189
Oct 2022,5032339.0,4328412.0,176.84,99.04,628422.0,23.9,414091.0,189
Nov 2022,5066423.0,4328605.0,195.59,91.13,594589.0,26.0,506437.0,189
Dec 2022,4740527.0,4055526.0,202.47,104.28,670301.0,24.8,594054.0,189
Jan 2023,4918468.0,4128175.0,214.88,109.03,722769.0,27.1,599007.0,190
Feb 2023,4929029.0,4179310.0,202.4,106.79,688810.0,25.1,528124.0,190
Mar 2023,5163092.0,4568360.0,193.18,99.85,656555.0,26.5,485669.0,190
Apr 2023,5100917.0,4335430.0,182.76,101.5,664244.0,26.2,435500.0,190
May 2023,5307494.0,4480526.0,175.97,110.86,722847.0,25.9,395990.0,190
Jun 2023,5421741.0,4690131.0,164.18,104.63,697297.0,27.5,348022.0,190
Jul 2023,5583380.0,4919566.0,166.95,105.07,695621.0,27.0,341860.0,191
Aug 2023,5543018.0,4646100.0,168.5,103.38,694164.0,28.1,357549.0,191
Sep 2023,5037045.0,4316104.0,177.28,104.53,698087.0,27.7,385967.0,191
Oct 2023,5008607.0,4259916.0,182.01,109.11,720884.0,26.9,448496.0,191
Nov 2023,5149123.0,4292230.0,202.31,106.41,715222.0,28.1,516647.0,191
Dec 2023,4731364.0,4121131.0,209.45,104.61,707179.0,28.5,557342.0,191
Jan 2024,5013576.0,4309913.0,214.61,97.95,673201.0,29.7,592908.0,192
Feb 2024,5183272.0,4463168.0,216.91,106.9,718275.0,28.1,613249.0,192
Mar 2024,5550913.0,4711145.0,206.9,100.49,685963.0,29.2,528569.0,192
Apr 2024,5614642.0,4866893.0,181.41,110.22,737569.0,27.8,453312.0,192
May 2024,5562276.0,4738562.0,176.21,96.76,672040.0,30.4,361613.0,192
Jun 2024,5609278.0,4811956.0,175.42,103.73,705522.0,29.0,362695.0,192
Jul 2024,5611819.0,4732874.0,165.98,105.16,710611.0,28.5,308925.0,193
Aug 2024,5827991.0,4905761.0,170.81,97.01,674478.0,30.5,331377.0,193
Sep 2024,5385079.0,4739047.0,180.38,107.46,762767.0,31.9,413399.0,193
Oct 2024,5287547.0,4507070.0,193.19,110.33,756783.0,29.6,470775.0,193
Nov 2024,5308706.0,4588714.0,206.06,101.5,703133.0,30.3,513538.0,193
Dec 2024,5214474.0,4481804.0,205.92,105.89,739983.0,30.9,517896.0,193
Jan 2025,5256296.0,4485633.0,215.21,104.67,730128.0,30.7,574327.0,194
Feb 2025,5225690.0,4454277.0,201.21,90.15,645307.0,32.5,548171.0,194
Mar 2025,5561237.0,4835225.0,210.36,103.28,729292.0,31.6,535990.0,194
Apr 2025,5644776.0,4828948.0,209.07,101.68,721702.0,31.9,509035.0,194
May 2025,6046496.0,5186251.0,189.15,100.12,727310.0,33.5,403914.0,194
Jun 2025,6014450.0,5174431.0,174.47,97.23,695034.0,32.4,345977.0,194
Jul 2025,5876171.0,5157207.0,161.14,98.55,719905.0,33.9,326020.0,195
Aug 2025,5912412.0,5145027.0,181.25,100.82,723975.0,32.7,359700.0,195
Sep 2025,5615487.0,4861546.0,182.36,106.55,765327.0,32.7,397604.0,195
Oct 2025,5724774.0,4874911.0,175.94,103.83,741833.0,32.4,433609.0,195
Nov 2025,5462381.0,4584415.0,209.23,96.63,733314.0,36.3,526587.0,195
Dec 2025,5538029.0,4841583.0,201.5,105.87,779863.0,34.4,540044.0,195
